,x,y,label
0,-0.9757489814508875,2.4655220505239055,0.0
1,-0.9077341861251075,0.970229172546454,0.0
2,-0.687242367331435,1.831973272100991,0.0
3,-1.4829905323869856,1.0913493545130972,0.0
4,-1.5998627430775927,0.08968992261521436,0.0
5,-1.1496802969085849,-1.1457707832347852,0.0
6,-0.6343429789388577,1.3961757153386387,0.0
7,0.25944376795269714,-1.9962240664840936,0.0
8,-1.9367924459635149,0.38029804227440467,0.0
9,-0.04912982895208201,0.8779500283362025,0.0
10,0.4911126059534401,-1.0908071552669845,0.0
11,0.2919630452222706,1.4317446060140822,0.0
12,0.44034398885861387,0.911472900371449,0.0
13,-0.1496860569942644,-1.1323393942816948,0.0
14,-0.6486655234482475,0.36791444427825815,0.0
15,-1.4506909589762285,-0.9358524930766524,0.0
16,0.6543751084115704,-0.42251731466116926,0.0
17,-0.1730909135007489,2.094113139807314,0.0
18,-0.8612545495638148,0.24660899527867686,0.0
19,0.5437147418637364,-1.5980708611913463,0.0
20,-1.8970721740075287,4.238917670373325,0.0
21,0.9588461765800136,0.8616906458809629,0.0
22,1.650805526282805,-1.4815650057925693,0.0
23,-0.539431394609704,0.33618651739056016,0.0
24,-1.1385783079396845,1.6206638483115463,0.0
25,-0.9100387383796877,-1.1373662271906906,0.0
26,-0.28059494511342875,2.5226608230857557,0.0
27,0.6717720338805789,1.1272131779009475,0.0
28,-0.37541244813149055,0.442361915238745,0.0
29,0.31374558836983857,0.39600474173372746,0.0
30,-0.056903917425133455,1.587014455169493,0.0
31,1.5215036694975992,0.4895389421508417,0.0
32,-0.2838378912712516,1.176886644758117,0.0
33,0.7059615406088655,-3.230539432317529,0.0
34,-0.996183171393956,-0.37216445958965266,0.0
35,0.8117670057331307,-0.3339559860424456,0.0
36,1.5234442337256517,-1.0431237805370963,0.0
37,0.03724654674437433,-2.5342169337400344,0.0
38,0.20216824446428272,4.120262477548948,0.0
39,-0.0003992628512948515,0.43142137617959364,0.0
40,-0.8833755119089912,0.5009505070172953,0.0
41,-2.1856011745771236,3.287237794880179,0.0
42,1.006153120164837,0.3751392824703232,0.0
43,0.06026121881426921,1.4540345777514676,0.0
44,-0.8570611144439819,1.0700330713013928,0.0
45,0.6445690343639654,0.8493941898222568,0.0
46,-0.5869087431755114,1.203320604570448,0.0
47,1.1211204069550742,-0.940661595450907,0.0
48,2.032054451008072,-0.06418675375971938,0.0
49,-0.31338204069287035,0.5770918049290693,0.0
50,-1.7686390012430144,0.9521076367594875,0.0
51,-0.062272960232213515,0.905901840869051,0.0
52,-0.2932218988134423,-0.2339480260197434,0.0
53,-0.07195487882459033,0.40637787929108904,0.0
54,-0.5237927332270579,1.3714525303540432,0.0
55,0.08574824814553646,-0.15185384548880693,0.0
56,1.2886329494835276,-1.8912720203071705,0.0
57,1.374149284508654,-0.3657710751126342,0.0
58,0.03802359819813649,0.1270989304027976,0.0
59,0.98215810829872,-2.473688050993608,0.0
60,-0.36193330315162814,1.7460924719902609,0.0
61,3.078784672050226,-1.4252512405394686,0.0
62,1.145203564791354,-0.27260157114595895,0.0
63,-0.17169539818722962,1.4075459747781671,0.0
64,0.0028218530442779277,-0.4148884753494555,0.0
65,-0.5029085390207912,0.9990641599703737,0.0
66,0.12542874461826714,-0.9411165291561711,0.0
67,-0.4944755707223396,1.3024837278230692,0.0
68,1.0564197485045432,-2.8832967627115016,0.0
69,-0.15992131569013862,-0.9454344351809881,0.0
70,0.3885996085193105,-0.6131512456445699,0.0
71,0.119105384233544,1.654659856325221,0.0
72,-0.7405395075934893,-1.8420313734824332,0.0
73,-1.4317801179769434,1.0702884625223366,0.0
74,-1.0286143626096922,3.2390143185874485,0.0
75,0.16252228274639555,-0.8504269852173789,0.0
76,0.17568772624716492,0.19748378248715373,0.0
77,0.9856887759434955,1.2049013295088096,0.0
78,1.1815291018185152,0.23141949507581205,0.0
79,-0.09559631609547825,1.5884300430221443,0.0
80,1.0079871206456334,-1.0370504368580666,0.0
81,-0.8719277464477994,1.2535306481995416,0.0
82,-0.02484240536918425,-2.0774679045872215,0.0
83,0.015357621798935517,0.9648924471717994,0.0
84,-0.9243388993449507,-0.04763170976039971,0.0
85,1.2503158543604715,-0.5159620637549708,0.0
86,-0.04239345698782865,1.3245497874253762,0.0
87,0.15204083308889477,0.33025266084140315,0.0
88,-0.4962850090370372,0.8906317470614424,0.0
89,-0.11124919396809477,0.6950121400839738,0.0
90,-1.3870263030261467,1.758146328945207,0.0
91,-0.4253088154313065,-0.23996343531417397,0.0
92,0.8433041146188175,1.8645011327225551,0.0
93,-1.1784896041494302,1.642048995373039,0.0
94,-2.257604349606671,0.3506431608628988,0.0
95,-0.8888949706647291,1.366420361098523,0.0
96,0.621779663157055,-0.3883232795439664,0.0
97,0.0687875242186341,-0.932715258986856,0.0
98,-1.2547877608835674,2.7103600789557327,0.0
99,-0.41099624459235107,0.28771768241813933,0.0
100,-0.29665611776600614,-0.8896525926767282,0.0
101,0.5188147621244861,-0.5177171924488795,0.0
102,-0.876876419273117,2.661996871518369,0.0
103,0.7683171067658024,1.2198608801093136,0.0
104,-0.15848727253551906,0.8024586336821949,0.0
105,-0.2139375399103241,0.11618104335510683,0.0
106,1.7894371905295834,-0.9063489105204018,0.0
107,-0.9904560923043682,0.6557905734912526,0.0
108,0.2849154304216527,-1.318104536280035,0.0
109,0.7517458964570682,-1.5878103086320297,0.0
110,0.3690836439764853,0.8818151922287215,0.0
111,0.4183166175173501,-0.4507842042541716,0.0
112,-0.8727353129561672,-1.0024182921709155,0.0
113,0.9383773258568425,0.387532661834839,0.0
114,-0.01288616600518927,-0.8514719591550379,0.0
115,-1.5821125987998963,2.114952862730766,0.0
116,0.591935466384049,0.2722763799210417,0.0
117,0.4721356355185661,-0.38043791282780876,0.0
118,0.35246513690127246,0.6862455338410458,0.0
119,-0.7544283929030424,-0.036909598871271654,0.0
120,-0.3446400984292183,-0.9482466413319601,0.0
121,1.4502699877032355,-0.1495140226560449,0.0
122,0.21534578900069073,-0.46305409302440687,0.0
123,-0.8845552459490811,-0.25289026851285656,0.0
124,0.04170016518286701,1.0455100178958863,0.0
125,0.6271392462174701,-1.033498585927856,0.0
126,-1.4496544157634095,2.940549254039193,0.0
127,0.28544284013794163,1.6502567251266935,0.0
128,0.8261624807304457,0.09713269405272434,0.0
129,-0.09639043250932885,0.6959591722702523,0.0
130,1.5499443127225496,-2.03958397851134,0.0
131,-0.4996210826661607,-2.6042950388970696,0.0
132,0.8432378483839063,0.12678807828558078,0.0
133,0.5938906760115341,-0.7321642166152185,0.0
134,-0.2583070170786037,0.46636653483621765,0.0
135,0.03113431960464602,-1.3100548854176064,0.0
136,-1.0060759191866233,1.9560224786024174,0.0
137,0.892059856627809,-2.5242016019735947,0.0
138,2.189759347187067,-1.7109308752707975,0.0
139,-0.789032684792466,0.22394457058987535,0.0
140,-0.9444464282467231,1.0568308221565328,0.0
141,0.395755394486455,0.0953825126621066,0.0
142,0.7973308198708936,-0.205456407472778,0.0
143,-0.7334898740767531,-1.1041101823205413,0.0
144,-1.8735623424061452,2.143831633055664,0.0
145,-1.858918655870789,2.25332026417224,0.0
146,-0.2888884859641384,0.8442717083362854,0.0
147,-0.2359156509468926,-1.0802394472889005,0.0
148,-0.10599099594603759,-0.5716687424515485,0.0
149,0.5203466091912201,-0.22093368311910797,0.0
150,1.0582044683621872,2.2803528611007042,0.0
151,0.29941405133828153,-1.8543017906835502,0.0
152,0.4106425386319803,-0.03719385203072792,0.0
153,0.04051212757125064,0.5521590625815894,0.0
154,1.5950376040762686,0.721973485156473,0.0
155,1.4955363916253654,-2.882099063783839,0.0
156,0.4807392229560903,-0.39298279618172915,0.0
157,-1.0157604824573458,1.2891708388376977,0.0
158,-0.8351520267614273,-1.0737056313147373,0.0
159,0.49972150486279177,-0.9335278702966981,0.0
160,1.9501168516889582,0.4426783645116132,0.0
161,0.955752845055901,-1.2531883825083352,0.0
162,0.5619410214531351,-0.8552959546680998,0.0
163,0.4130533331967761,-1.7910831542179086,0.0
164,-0.2527981115550739,1.582644502251306,0.0
165,1.2107199601353054,-2.1588483955514715,0.0
166,-1.099178702249917,1.649251941846798,0.0
167,0.48661078449728723,-0.33008438416678626,0.0
168,0.1799215017106715,-1.1037996901693787,0.0
169,0.19903849379641927,-0.45331616498488914,0.0
170,0.045187555113960776,-1.6315557922979422,0.0
171,0.12990947553686288,-0.10052227944197975,0.0
172,0.670352247209643,-2.443258088183726,0.0
173,-0.9251655060224175,1.8629071016966752,0.0
174,0.16695265904576004,-0.8571357717151227,0.0
175,-0.10410559814704046,-1.5170028015481054,0.0
176,1.1886295218381884,0.9554265816383833,0.0
177,-0.6759241087149525,1.8848094952139924,0.0
178,-1.4963315726244835,0.2739425636760719,0.0
179,-1.0108249193929593,-0.14930507879336152,0.0
180,1.49728483528135,-1.8585017425519552,0.0
181,1.798413319927642,-0.2983306530635943,0.0
182,-1.2538078089295337,2.0654020655266714,0.0
183,0.23000313414458406,-0.894960768846006,0.0
184,-1.4671785743870709,-1.076077609554389,0.0
185,-1.7349409165280438,3.483603321216678,0.0
186,0.6005221266626888,-1.8481266296393404,0.0
187,0.7714730205933977,-0.2684284707436245,0.0
188,0.07983320591309317,1.159823535237404,0.0
189,0.9224151718308284,-1.527646522769248,0.0
190,-0.11153757478815818,-0.5691752862895036,0.0
191,-0.8435999477023328,1.1869691249126908,0.0
192,0.8772611403724345,0.30625118369832305,0.0
193,2.260666405464879,0.2893092102257102,0.0
194,-1.3803423709646445,1.9686374410235725,0.0
195,-0.8141101512216428,0.09051338876284676,0.0
196,-1.763445668219023,-1.0411469456253875,0.0
197,0.43130380516948996,-1.1481737638533038,0.0
198,-1.2440771841787284,2.846000270604275,0.0
199,-0.20973946924083273,0.39989190040408285,0.0
200,6.145707856632542,-0.35672661262246763,1.0
201,7.320953285150821,-0.1905831082225968,1.0
202,7.205411864689607,0.37554024371972083,1.0
203,2.6212618791551234,-0.46349569919779754,1.0
204,3.540736454721754,-0.3982131712832827,1.0
205,7.641251099837232,0.017591686812366003,1.0
206,5.810319479149843,-0.8676627527746779,1.0
207,8.743751896673574,0.8648776803145052,1.0
208,3.9951733711305617,0.07579058594191262,1.0
209,11.686271770054624,2.125874340166018,1.0
210,8.38854579239854,0.7819822112528699,1.0
211,7.257577924542187,-0.4116602642259628,1.0
212,3.189629621288943,-0.8312906125191957,1.0
213,6.060806996252976,0.34564472539778124,1.0
214,6.140509057184662,0.3464006388392836,1.0
215,7.117241622120488,1.0867936037080053,1.0
216,7.657154207070619,0.6021061689096987,1.0
217,3.0837365770608054,-1.0351993939955395,1.0
218,10.241924717368533,0.4960664377495522,1.0
219,5.052484379255849,0.07460753172463644,1.0
220,7.956100073777568,0.2927029536218514,1.0
221,4.946295927755138,-0.5492043790763915,1.0
222,8.631063150404476,0.4389908203811198,1.0
223,5.558289022246924,0.16435539523679235,1.0
224,6.2681618188068695,-0.5442933457708198,1.0
225,7.956590245627977,0.08811996796651472,1.0
226,7.583375403193541,-0.9160262630795674,1.0
227,6.387359575297958,0.8623676559638841,1.0
228,9.017999918674947,0.46792602261544647,1.0
229,5.677877960933921,0.8433112211060446,1.0
230,5.650699742808082,0.243822640549698,1.0
231,8.67352875109913,0.39390595233979814,1.0
232,2.441215947602983,-0.7837459956228519,1.0
233,3.202179275461409,-0.47019763383966656,1.0
234,3.0162140971448066,-1.0555749562513728,1.0
235,8.456336051473748,0.35690806907933353,1.0
236,5.570106108812806,-0.22640912959010495,1.0
237,5.413480943082637,-0.22200393452730266,1.0
238,7.702637070307044,0.21826376497323458,1.0
239,7.007071047041416,0.28001296558150884,1.0
240,6.472748320356915,0.3982269847324892,1.0
241,3.634826581159588,0.7639065578354782,1.0
242,2.0408096940633427,-1.528525302444259,1.0
243,7.463047653423979,0.6928319363148956,1.0
244,6.6537602616785305,-0.11717075963236392,1.0
245,6.028703691623188,-1.410454608345155,1.0
246,4.633811440609647,-1.0988857958088403,1.0
247,7.701571749037255,-0.28196429264861966,1.0
248,4.887786875140628,-0.7460473643431256,1.0
249,6.226495109265533,0.23695668092868039,1.0
250,3.422446208451824,-0.42352346869511065,1.0
251,4.369696397391248,-0.5327049084106089,1.0
252,6.352764933996901,0.0984963798241166,1.0
253,2.7018870577276277,-1.003461713434655,1.0
254,7.433226715524416,1.2138000637712076,1.0
255,5.664768572068552,-0.23950108457368025,1.0
256,12.127160889463655,1.3037532796783438,1.0
257,5.301680408615136,-0.5979046283398292,1.0
258,4.042433167293182,-0.15433738193453292,1.0
259,3.115467265639569,-0.7635646108207373,1.0
260,6.243828570900583,-0.2382720973275362,1.0
261,5.6874693410075485,0.17847459338147595,1.0
262,3.5441671917675355,-0.9865190231964743,1.0
263,7.952324947621213,-0.4186579639652158,1.0
264,9.684465038985941,0.5408532662066482,1.0
265,7.456125459165303,0.7570134665027359,1.0
266,5.296077610925278,0.07555555869255293,1.0
267,6.388913582688559,-0.06145578825331956,1.0
268,5.913604869406864,-1.3230551740586696,1.0
269,4.048579402295271,0.8289388502546582,1.0
270,9.738089029068144,0.4450523259323404,1.0
271,6.7422571502246145,-0.10444657200462129,1.0
272,6.300144578916243,-0.09515771256675425,1.0
273,4.555496159348805,-0.34333733480916717,1.0
274,3.3526835204611314,0.10654844121265283,1.0
275,5.136242320865987,0.22790758942364986,1.0
276,4.721479757683534,0.287379289972549,1.0
277,6.021314450539566,0.839846687915908,1.0
278,5.124244549506872,-0.2363755683713627,1.0
279,3.8324247282086974,-1.0892812955542333,1.0
280,2.8636887364528163,-0.7237557563601201,1.0
281,8.05152303818534,-0.17641450338097314,1.0
282,10.078994527072174,1.5083415748497644,1.0
283,11.087181334427905,1.3719435726807356,1.0
284,5.8544540072552875,-0.18224491730272843,1.0
285,4.695956990436822,-0.12480202525091172,1.0
286,10.126987082848322,0.9423990653637837,1.0
287,8.497660241319817,-0.2965163785208676,1.0
288,6.768397746302968,0.14189887293128214,1.0
289,10.259924256335662,0.15429659097282689,1.0
290,1.779651595086916,-0.6242917439614264,1.0
291,5.123316313126913,0.2988367825559618,1.0
292,8.228245807947768,0.6950252601887099,1.0
293,8.32811413526415,-0.10947795808970529,1.0
294,2.990641916403611,-0.6618426139422537,1.0
295,5.351089813874284,-0.7513405173331018,1.0
296,4.660706134247306,-0.09599325744536416,1.0
297,4.73029615219941,0.4365855342775604,1.0
298,5.867069715099363,-0.16986019937382987,1.0
299,6.807168014834167,0.7772468096018175,1.0
300,0.42243705746353655,-0.3812530961141475,1.0
301,5.593375832266847,0.3901787716148993,1.0
302,6.432053008884045,-0.10997083422270076,1.0
303,7.571106988231268,0.041472664638478374,1.0
304,4.154749660687576,-0.2090278827125801,1.0
305,5.679297996629664,-0.7691660231615396,1.0
306,3.5145803640287605,-0.8949498264347886,1.0
307,4.61109669689613,0.3301081570055231,1.0
308,9.482726313915919,0.7264075164827374,1.0
309,5.916636253313936,0.49655242300160585,1.0
310,6.516912553996202,-0.004365414388263725,1.0
311,7.335216956902742,0.47631211287739506,1.0
312,6.4509431914049085,0.7150055152072147,1.0
313,9.845872829702243,1.1169430856221458,1.0
314,10.05815506114963,0.48824160327929544,1.0
315,5.046794924677669,0.07026886622287781,1.0
316,6.374082600393356,0.17967600508529435,1.0
317,7.1573550956448,-0.5713610437645977,1.0
318,3.4225336145519756,-0.04929892236052741,1.0
319,6.847480070341575,-0.20101752460131944,1.0
320,6.932705337898577,0.22177628782819359,1.0
321,7.369766857767972,-1.166592903191008,1.0
322,6.507480862793249,-0.1488855979193182,1.0
323,4.156454423690894,-0.8506533014853588,1.0
324,4.573992443262456,-0.10866702042122323,1.0
325,6.836778848983388,-0.4107260531846605,1.0
326,5.233531383891914,-1.053213884333052,1.0
327,5.728384699700515,-0.46644961896720066,1.0
328,5.520886193589662,0.7444010604926116,1.0
329,4.871721507554042,0.03531520647143324,1.0
330,9.162617020849533,1.2277518176314364,1.0
331,6.445606912910295,0.4655206266861803,1.0
332,4.362637050794721,0.286139959619698,1.0
333,5.727136449878185,-0.11397990422629661,1.0
334,1.300775166390519,-0.36567685266449423,1.0
335,6.8136862933575975,0.1417597801577447,1.0
336,5.038914476338309,0.26238784160876094,1.0
337,8.973889728098623,0.1536102065188244,1.0
338,8.461722822358544,-0.14881962929899334,1.0
339,2.429484501947353,0.25507212531934176,1.0
340,9.91578534283989,0.8218845937254157,1.0
341,5.623743026701786,0.08308802686487364,1.0
342,2.785480683522649,-1.0043314443846116,1.0
343,3.8366654934611994,-0.7866772537184907,1.0
344,6.3776053404298105,0.05346544282529302,1.0
345,6.023645464896339,0.44266690281488336,1.0
346,4.021155572126339,0.5090572076104161,1.0
347,9.760121920642526,0.9494016705842276,1.0
348,8.55885354237175,0.8387034612412259,1.0
349,7.9541284942325285,-0.03661881484959506,1.0
350,5.049392547508194,-0.50887241167802,1.0
351,6.362892423282328,0.6441938051464433,1.0
352,5.24141916273708,-0.15872787979920042,1.0
353,3.1747971822480334,0.21090704627769175,1.0
354,7.442766182576017,0.36097797738705106,1.0
355,7.2648694526626,0.11886074998462062,1.0
356,8.325451202997058,0.5114956912292323,1.0
357,6.900869557167447,1.0386550896299709,1.0
358,3.215713946909476,-0.1612836472043997,1.0
359,6.874393465957164,0.0019500626107541441,1.0
360,6.712108261049382,0.30794904911893006,1.0
361,9.63374338671275,0.5030395745819853,1.0
362,5.939612331598742,0.13442410012392886,1.0
363,5.709725914664718,-0.5212219329027857,1.0
364,6.2765394487876165,-0.6758722195199082,1.0
365,5.070498805965543,-0.732868066885268,1.0
366,5.45666501274541,0.10879065001508006,1.0
367,5.962442583916016,-0.05944306356240999,1.0
368,4.9803716057099,-1.2377436348492206,1.0
369,7.07117401596877,-0.05174555287835092,1.0
370,6.907795177866936,0.9272075822313633,1.0
371,8.824978624678023,1.2547954425356493,1.0
372,5.07954963694635,-0.9872167862145719,1.0
373,4.718156662286062,-0.13371008724195826,1.0
374,13.867408722403916,1.983254910391119,1.0
375,6.404387015427905,0.6014845898197769,1.0
376,6.394184068513876,-0.5433302211631187,1.0
377,8.268968175369432,0.19246183623525337,1.0
378,2.0894978269383597,-0.04885751472744437,1.0
379,6.8703597777932455,0.5049086784338644,1.0
380,5.936369525202081,-0.24024862417407714,1.0
381,6.333214317467284,-0.09317713688998061,1.0
382,3.794298504053198,-0.5676854304700949,1.0
383,2.8430495804378335,-0.09854056955782409,1.0
384,7.0182542504040635,0.3400812181547198,1.0
385,5.51116669192218,0.16440375766332796,1.0
386,8.830337504982193,0.8276127739156163,1.0
387,5.840666759791465,-0.5002411188800449,1.0
388,7.365075156135139,0.686550180889014,1.0
389,6.9625084629144816,-0.2742893721201355,1.0
390,7.940076064418001,-0.31546594630366726,1.0
391,5.120315950034353,-0.10683845899368086,1.0
392,7.895984497667592,-0.7041539607967688,1.0
393,9.091949144750792,0.7218336322047728,1.0
394,6.744909460269046,0.7572536709870397,1.0
395,7.515421796638249,1.1677087408547595,1.0
396,5.030845677493161,0.4473961519447421,1.0
397,5.925807104186625,0.2668386571972096,1.0
398,5.752945338378301,-0.03304497285661103,1.0
399,4.067166058381195,-1.1503232555720975,1.0
400,7.122332896143922,-0.29083571089262006,1.0
401,2.846292630610207,-0.5978555826349171,1.0
402,5.729955968611828,-0.26146187154900913,1.0
403,3.031485834734568,-0.5372098917333864,1.0
404,2.0981473104965094,0.30539027667234087,1.0
405,5.329267804735016,-0.3909822595075818,1.0
406,5.326355320923048,-0.768843610200819,1.0
407,5.364775159171386,0.31927115571817466,1.0
408,2.7335481566190856,-0.37064817802770644,1.0
409,4.930538103584298,0.1447993799572961,1.0
410,5.672589509731957,-0.6046838744753156,1.0
411,3.9893954946124603,0.17588892618963392,1.0
412,4.580506285548007,1.1571376594722296,1.0
413,5.799353436004614,-0.5210469924038309,1.0
414,1.0254577864498815,-0.5371217893689287,1.0
415,7.423764397975501,0.5479740125496748,1.0
416,5.542479098615853,-0.7249778206642726,1.0
417,8.14685998127229,0.6978080587621932,1.0
418,6.324154275847992,0.18474076365970565,1.0
419,6.579237469228856,-0.38748395122123813,1.0
420,6.357467331387118,-0.6234662364127379,1.0
421,3.281751660063284,-0.9732192483369578,1.0
422,3.7554649777616294,-0.5454953154155904,1.0
423,8.802458529761111,0.30571255146337284,1.0
424,4.430158294945952,-0.10042528104887533,1.0
425,5.2479308218648075,0.11621250758790352,1.0
426,5.760638871034097,0.37019912818168726,1.0
427,4.371296851319793,0.3298484837614112,1.0
428,6.178469784662376,0.26056260057839953,1.0
429,8.845079902562597,0.7648031920189892,1.0
430,4.985160152746557,0.17095233219479342,1.0
431,8.601387154516004,0.22218325062787792,1.0
432,6.428494469746733,-0.19959630983688909,1.0
433,3.4589107131476005,-0.8437869881830926,1.0
434,9.036070708679993,1.2338812878455787,1.0
435,6.671189138221407,-0.6438572628060638,1.0
436,3.9737471953497656,-0.11773182370748114,1.0
437,5.002404599073814,-0.45741039583137644,1.0
438,6.1561787179884675,0.4873654359476081,1.0
439,7.608937929872383,-0.17348510457926714,1.0
440,4.1135649753229835,0.2073534747006096,1.0
441,2.223826990971625,-0.6228080826189356,1.0
442,4.496695611343403,1.2398279257397997,1.0
443,4.9766484858128495,-0.49469216506771246,1.0
444,5.839825990504757,0.5074835015795423,1.0
445,10.647966607829176,1.2627212525942066,1.0
446,4.486477834301658,0.037532693768385195,1.0
447,7.107221131484186,-0.3898461533368964,1.0
448,8.395512048098357,0.011968855333996886,1.0
449,8.55396107914017,-0.62528767643443,1.0
450,6.853940787059181,-0.33893774716533065,1.0
451,0.4918930538188695,-1.8254712685978047,1.0
452,6.702373314490499,0.24653678246065164,1.0
453,8.088762566294559,0.14168726785039798,1.0
454,4.710150415382628,0.12054465970321049,1.0
455,4.8138166546241505,0.9276918509198644,1.0
456,6.628163636647927,0.17676866532203683,1.0
457,4.9915602675124635,0.5476147412073427,1.0
458,3.969827699350983,-0.659897244161725,1.0
459,3.3266747889424217,-0.85869157736404,1.0
460,3.941848992001962,-0.07273938883324271,1.0
461,6.949187228935701,1.0534527971514704,1.0
462,8.201927673849106,0.10511697989287977,1.0
463,10.625723388472458,0.5014315356491839,1.0
464,7.204786460222089,2.2054981177912896,1.0
465,1.495037512686542,-0.6258194335815881,1.0
466,4.424018895687709,-0.2718860725077126,1.0
467,8.20882048991858,-0.14038445219213908,1.0
468,2.1601114530706176,-0.7431334846802521,1.0
469,4.725566859679114,-0.1560592296982503,1.0
470,9.108156736944625,0.20455423335987427,1.0
471,4.628896272084783,-1.060491678334991,1.0
472,9.407210951392486,0.46279350860782315,1.0
473,5.218896395186995,-0.3687576151863503,1.0
474,6.604290142092102,0.12174891821620806,1.0
475,6.739525049025423,0.21833509572845466,1.0
476,5.347682382483737,0.48014069681985094,1.0
477,5.183053414934767,0.16655870275168982,1.0
478,6.9673737169737375,0.17748854739212627,1.0
479,6.152790688578263,1.2884918212448815,1.0
480,6.85828214571143,-0.15043595297741022,1.0
481,6.40171496637802,-0.21604096256570346,1.0
482,3.7708377855135797,0.02190491627781549,1.0
483,4.450717775870404,-0.7707811712344845,1.0
484,6.742137744590157,0.22392181011435847,1.0
485,6.409235381870934,-0.32486007139527945,1.0
486,6.679090399992796,-0.1460819783447721,1.0
487,10.001366963316833,0.81142955592242,1.0
488,5.520665816104387,-0.703973915947544,1.0
489,3.6138592013952993,-0.5289287503249607,1.0
490,6.186177914343267,0.3805694248545327,1.0
491,4.6849876473390175,-0.560961379456933,1.0
492,5.188056150075383,0.8009777033717421,1.0
493,3.6786859389978135,-0.25004939791071,1.0
494,8.384186365198909,0.4317245577491583,1.0
495,4.171761641902969,-0.7386453083520392,1.0
496,2.3215284295176772,-0.8626828962689544,1.0
497,8.910575457286114,0.9478989820675285,1.0
498,8.066862311260515,0.2596542289873784,1.0
499,3.376710910128926,-1.2984439826288403,1.0
500,5.484994299639567,0.8971126175668891,1.0
501,9.29595942657665,1.467001501031267,1.0
502,7.3330756996617446,-0.8902404732769492,1.0
503,7.878716384887176,0.8402046064315805,1.0
504,6.53579661864231,-0.31406960299578984,1.0
505,7.13554066544184,0.6400468765961705,1.0
506,5.799456947305339,-0.7877654639504508,1.0
507,6.949625884371749,0.6742737233143434,1.0
508,5.272703427571687,-1.1211665880240913,1.0
509,6.46256484551404,0.09135042817502259,1.0
510,4.042956381116083,-0.6647521539923003,1.0
511,4.27939511488269,-0.9618409318336998,1.0
512,7.610934410621614,0.9302223135026,1.0
513,3.062082307923878,-0.48764725486257515,1.0
514,4.706716095639012,-0.29418235842767965,1.0
515,6.644529863057928,0.27516783291260194,1.0
516,4.386794433686331,-0.3494617773934279,1.0
517,6.457459578964001,0.24086105375115008,1.0
518,7.0398699264857605,-0.6805172510579652,1.0
519,5.42490974311551,-0.5417028594228963,1.0
520,3.5727230991540786,-0.7897674172002873,1.0
521,2.0225884657127424,-0.3007648321121079,1.0
522,7.605425599225269,0.7933240982038443,1.0
523,5.382369016817003,0.08464397137775753,1.0
524,11.06575603292671,0.9437708657294877,1.0
525,8.782762626648458,0.33340163685420465,1.0
526,6.111829855157427,-0.15958641559898618,1.0
527,6.486079378482633,-0.6484236696990884,1.0
528,3.8853992692162995,-0.8806273182460154,1.0
529,8.515305191590825,0.662240984489093,1.0
530,3.58119347400119,-0.16815680933385113,1.0
531,7.711284758534998,0.8507168951489891,1.0
532,7.837950516172019,0.21235909632137184,1.0
533,7.825800843380266,1.413046874767123,1.0
534,4.66625213055201,0.4128627042266274,1.0
535,5.21417985367424,0.4867816471047961,1.0
536,6.431343963705562,-0.5175318052211145,1.0
537,3.7640232680191668,-0.836643363710956,1.0
538,8.015327178058197,0.5367918354109302,1.0
539,8.427551290656725,-0.03642626555319611,1.0
540,7.251024632672587,0.8322745728874651,1.0
541,8.123664695983205,0.4658781326221985,1.0
542,11.000366680488803,0.5640289336421613,1.0
543,4.493435172172399,-0.14758133218117944,1.0
544,2.6700298836409555,-0.048826667859006134,1.0
545,6.016464684138025,0.5787013416106485,1.0
546,6.817892329952643,1.0449486294695558,1.0
547,8.139722109518164,0.9670010083621774,1.0
548,7.60388692615588,0.06163821004224862,1.0
549,7.54138856170402,0.35637388554021354,1.0
550,6.231476836551398,0.6042587097722407,1.0
551,4.477384191608828,-0.9701986884222371,1.0
552,8.373295379606526,0.6590622287566232,1.0
553,5.428958472646262,-0.35047576988720686,1.0
554,6.792252484949912,0.6594955892354393,1.0
555,9.063324401287883,0.2501322865475756,1.0
556,1.3595257461562245,-1.0309942761780706,1.0
557,4.733282041212354,0.20787250133883112,1.0
558,6.862587657785216,0.4137561070397816,1.0
559,11.455305336855849,1.055649105842456,1.0
560,3.4736194994319147,0.9235771899747525,1.0
561,7.9885019782052105,-1.2518147941893416,1.0
562,5.6912121217113345,-0.030144546029472762,1.0
563,6.646499885977221,0.8212480525214413,1.0
564,4.033770761079387,0.23081584968063618,1.0
565,4.121594661251425,-0.817956716296808,1.0
566,3.7326001136014355,0.4208059266321435,1.0
567,8.712111299659641,0.6993767596179419,1.0
568,4.811222211570875,-0.5043031035233474,1.0
569,8.37268024203944,0.49647269616614337,1.0
570,7.106565580080217,-0.003238100287778628,1.0
571,7.516979214472468,0.10759756092990005,1.0
572,8.66140697277324,-0.22281819593126861,1.0
573,6.9230175694796525,0.3845846062711582,1.0
574,5.53838567451758,-1.027018988314678,1.0
575,6.674017308307981,0.7752159740050737,1.0
576,6.525170576816145,-0.14138104590635497,1.0
577,5.935395498962375,-0.112256667086993,1.0
578,9.279195529671762,0.8087519949545565,1.0
579,3.9080928218719357,0.31355489866660013,1.0
580,7.865386095533585,0.015076963096865348,1.0
581,7.382919929513467,0.2712123760026473,1.0
582,2.288830764908452,-0.6713385425956988,1.0
583,7.583833998477964,0.6546718110884606,1.0
584,7.600042411286102,0.363560060932793,1.0
585,3.082374617587844,0.13231200175868374,1.0
586,5.718395800315959,-0.13086219167876348,1.0
587,5.318273201915635,0.04200763757026968,1.0
588,5.1674390582945104,-0.307399778341482,1.0
589,4.020120649246441,-1.3192286395507464,1.0
590,3.29481391211786,0.12617022316731208,1.0
591,5.493620163332383,0.568516785073105,1.0
592,8.174202137565398,0.6292420508593755,1.0
593,4.70120745518105,-1.27534923002889,1.0
594,3.544249141923388,-0.6344445731435593,1.0
595,4.475349834879315,-0.7670247678952404,1.0
596,5.483276479237058,0.06031213431787198,1.0
597,6.820936656551955,-0.043677197394600686,1.0
598,8.159589524628121,0.3536841905363045,1.0
599,6.693367661299777,0.9771331551226626,1.0
